ID,Titolo,Generi,Punteggio,Stato
3,20th Century Boys,"Award Winning, Drama, Historical, Mystery, Psychological, Sci-Fi, Seinen",9,completed
743,21st Century Boys,"Award Winning, Drama, Mystery, Psychological, Sci-Fi, Seinen",0,completed
1224,3-gatsu no Lion,"Award Winning, Childcare, Drama, Iyashikei, Seinen, Slice of Life, Strategy Game",6,on_hold
147337,"66,666 Years: Advent of the Dark Mage","Fantasy, Reincarnation",4,dropped
134678,A Business Proposal,"Adult Cast, Comedy, Drama, Romance, Workplace",5,completed
148457,A Dance of Swords in the Night,"Action, Fantasy, Martial Arts",5,dropped
41723,A Fairytale for the Demon Lord,"Action, Adventure, Fantasy, Romance",0,plan_to_read
158496,A Modern Man Who Got Transmigrated Into the Murim World,"Action, Fantasy, Isekai, Martial Arts, Reincarnation",0,plan_to_read
132247,A Returner's Magic Should Be Special,"Action, Fantasy, School, Time Travel",6,completed
50027,About Death,"Psychological, Slice of Life, Supernatural",8,completed
172750,Absolute Regression,"Action, Fantasy, Martial Arts, Time Travel",7,reading
174691,Absolute Reign,"Action, Fantasy, Martial Arts",7,reading
149880,Absolute Sword Sense,"Action, Fantasy, Martial Arts, Time Travel",4,dropped
143991,After God,"Action, Fantasy",0,plan_to_read
147448,After School Lessons for Unripe Apples,"Romance, School",6,dropped
150210,After Ten Millennia in Hell,"Action, Fantasy",5,dropped
103939,Aharen-san wa Hakarenai,"Comedy, Love Status Quo, Romance, School, Shounen",3,dropped
147014,Aisha,"Drama, Mystery, Psychological, Suspense",0,plan_to_read
49865,Ajin,"Action, Gore, Horror, Mystery, Seinen, Supernatural",7,completed
1218,Akagi: Yami ni Oritatta Tensai,"Action, Adult Cast, Drama, Organized Crime, Psychological, Strategy Game",0,plan_to_read
21525,Akatsuki no Yona,"Adventure, Fantasy, Romance, Shoujo",0,plan_to_read
664,Akira,"Action, Award Winning, Gore, Sci-Fi, Seinen",0,plan_to_read
24705,Aku no Hana,"Drama, Psychological, Romance, School, Shounen",0,plan_to_read
1101,Akumetsu,"Action, Detective, Drama, Psychological, Shounen, Suspense",8,completed
125325,Akuyaku Reijou Tensei Ojisan,"Comedy, Fantasy, School, Seinen, Villainess",3,dropped
62887,All You Need Is Kill,"Action, Military, Sci-Fi, Seinen, Time Travel",7,completed
63535,Amaama to Inazuma,"Childcare, Comedy, Gourmet, Iyashikei, Seinen, Slice of Life",5,completed
129418,Ame to Kimi to,"Comedy, Seinen, Slice of Life",0,plan_to_read
143336,Among Us,"Comedy, Kids, Sci-Fi, Space",6,completed
128953,Ankoku Kishi no Ore desu ga Saikyou no Paladin wo Mezashimasu,"Action, Fantasy, School",2,dropped
30079,Annarasumanara,"Drama, Mystery, Psychological, Romance, School, Seinen",9,completed
296,Anne Freaks,"Horror, Mystery, Psychological",5,completed
102256,Ao Ashi,"Award Winning, Seinen, Sports, Team Sports",0,plan_to_read
13492,Ao no Exorcist,"Action, Mythology, School, Shounen, Supernatural",0,plan_to_read
135545,Ao no Hako,"Romance, School, Shounen, Sports, Team Sports",0,plan_to_read
14154,Arakawa Under the Bridge,"Comedy, Romance, Seinen",4,completed
96528,Arifureta Shokugyou de Sekai Saikyou,"Action, Adventure, Fantasy, Harem, Isekai",4,dropped
1303,Ashita no Joe,"Combat Sports, Drama, Shounen, Slice of Life, Sports",0,plan_to_read
131084,Assassin's Creed Valhalla x Vinland Saga,"Action, Historical, Seinen",4,completed
153965,Auto Hunting With My Clones,"Action, Fantasy",6,dropped
141583,Ayashimon,"Action, Organized Crime, Shounen, Supernatural",5,completed
93350,Ayeshah's Secret,Drama,7,completed
85,Azumanga Daioh,"CGDCT, Comedy, School, Slice of Life",3,dropped
72299,Baki-dou,"Action, Gore, Martial Arts, Shounen",0,plan_to_read
115749,Baki-dou,"Action, Martial Arts, Shounen",0,plan_to_read
5157,Baki: New Grappler Baki,"Action, Combat Sports, Gore, Martial Arts, Shounen",0,plan_to_read
9711,Bakuman.,"Comedy, Drama, Otaku Culture, Romance, Shounen",0,plan_to_read
756,Banana Fish,"Action, Adventure, Delinquents, Drama, Organized Crime, Psychological, Shoujo, Suspense",0,plan_to_read
13568,Barairo no Kaibutsu,"Horror, Psychological, Seinen",5,completed
17051,Barakamon,"Childcare, Comedy, Iyashikei, Shounen, Slice of Life, Visual Arts",4,dropped
111213,Bastard,"Drama, Gore, Horror, Mystery, Psychological, Romance",8,completed
103701,Beastars,"Anthropomorphic, Award Winning, Drama, Psychological, Shounen, Slice of Life",9,completed
10010,Beelzebub,"Action, Childcare, Comedy, Delinquents, Mythology, School, Shounen, Supernatural",0,plan_to_read
2,Berserk,"Action, Adventure, Award Winning, Drama, Fantasy, Gore, Horror, Military, Psychological, Seinen",10,dropped
92299,Berserk: Shinen no Kami 2,Seinen,0,completed
147662,Best Teacher Baek,"Action, Fantasy, Martial Arts, Reincarnation",7,reading
113835,Biao Ren,"Action, Drama, Historical",8,reading
11054,Billy Bat,"Detective, Drama, Historical, Mystery, Psychological, Seinen, Supernatural",0,plan_to_read
168969,Black and White Martial Emperor,"Action, Fantasy, Martial Arts",3,dropped
86337,Black Clover,"Action, Fantasy, Shounen",0,plan_to_read
735,Black Lagoon,"Action, Adult Cast, Drama, Military, Organized Crime, Seinen",0,plan_to_read
149,Blame!,"Action, Drama, Horror, Psychological, Sci-Fi, Seinen",6,completed
12,Bleach,"Action, Adventure, Award Winning, Shounen, Supernatural",0,plan_to_read
85719,Blue Giant,"Award Winning, Music, Seinen",7,completed
100922,Blue Giant Supreme,"Music, Seinen",0,plan_to_read
1479,Blue Heaven,"Action, Psychological, Seinen",5,completed
114745,Blue Lock,"Award Winning, Shounen, Sports, Team Sports",7,reading
107931,Blue Period,"Award Winning, Drama, School, Seinen, Visual Arts",8,reading
2109,Bokkou,"Action, Award Winning, Drama, Historical, Seinen",5,completed
75989,Boku no Hero Academia,"Action, School, Shounen, Super Power",4,completed
112807,Boku no Kokoro no Yabai Yatsu,"Comedy, Romance, School, Shounen",0,plan_to_read
153950,Boku to Jinginaki Ojisan,"Comedy, Shounen",4,completed
94919,Bokutachi ga Yarimashita,"Drama, Seinen",0,plan_to_read
175296,Bones,"Action, Fantasy, Urban Fantasy",2,dropped
148617,Book Eater,"Action, Adventure, Fantasy, School",5,dropped
119533,"Boukensha License wo Hakudatsu sareta Ossan dakedo, Manamusume ga Dekita node Nonbiri Jinsei wo Ouka suru","Action, Adventure, Fantasy",6,on_hold
115194,Boukensha ni Naritai to Miyako ni Deteitta Musume ga S-Rank ni Natteta,"Action, Adventure, Fantasy",6,on_hold
130977,Build King,"Action, Adventure, Fantasy, Shounen",2,completed
23419,Byousoku 5 Centimeter,"Drama, Romance, Seinen",6,completed
103444,Candy & Cigarettes,"Action, Seinen",5,completed
116778,Chainsaw Man,"Action, Award Winning, Fantasy, Gore, Shounen, Urban Fantasy",8,on_hold
104271,Chi no Wadachi,"Drama, Psychological, Seinen, Suspense",0,plan_to_read
76813,Chichi to Ko,"Childcare, Comedy, Shounen, Slice of Life",0,plan_to_read
148428,Child of the Sheath,"Action, Adventure, Fantasy",5,dropped
131403,Choujin X,"Action, Seinen, Supernatural",0,plan_to_read
174692,Chronicles of a Doomed Prodigy,"Action, Adventure, Fantasy, Martial Arts",5,reading
157591,Chronicles of the Demon Faction,"Action, Fantasy, Martial Arts, Reincarnation",4,dropped
177080,Chronicles of the Reincarnated Demon God,"Action, Fantasy, Martial Arts, Reincarnation",5,dropped
583,Claymore,"Action, Adventure, Fantasy, Gore, Horror, Shounen",0,plan_to_read
36595,Cocoon,"Drama, Historical, Josei",6,completed
5651,Crows,"Action, Delinquents, School, Shounen",0,plan_to_read
127084,Cuprum no Hanayome,"Comedy, Romance, Seinen",4,dropped
24,D.Gray-man,"Action, Adventure, Fantasy, Shounen, Urban Fantasy",0,plan_to_read
118858,Dai Dark,"Comedy, Horror, Sci-Fi, Shounen",9,on_hold
158565,Damedol to Sekai ni Hitori dake no Fan,"Comedy, Idols (Female), Romance",4,dropped
135496,Dandadan,"Action, Comedy, Shounen, Supernatural",8,on_hold
130755,Darwin Jihen,"Award Winning, Sci-Fi, Seinen",0,plan_to_read
70801,Dead Dead Demons Dededede Destruction,"Award Winning, Drama, School, Sci-Fi, Seinen",6,completed
110301,Dead Mount Death Play,"Action, Fantasy, Reincarnation, Seinen, Urban Fantasy",3,dropped
21,Death Note,"Psychological, Shounen, Supernatural, Suspense",7,completed
149465,Demon Devourer,"Action, Fantasy",5,dropped
147847,Descended from Divinity,"Action, Fantasy, Reincarnation",4,dropped
148070,Descent of the Demon Master,"Action, Fantasy, Martial Arts, Reincarnation",6,on_hold
150998,Designated Bully,"Action, Delinquents, School",3,dropped
1474,Devilman,"Action, Adventure, Drama, Fantasy, Horror, Mythology, Psychological, Sci-Fi, Shounen, Super Power, Supernatural",5,completed
148456,Disciple of the Holy Sword,"Action, Adventure, Fantasy",5,on_hold
82947,Distant Sky,"Action, Drama, Horror, Mystery, Survival",7,completed
111767,Do Chokkyuu Kareshi x Kanojo,"Comedy, Romance, School, Shounen",3,dropped
151060,"Doctor, Live Again","Action, Fantasy, Isekai, Martial Arts, Medical, Reincarnation",6,on_hold
147172,Doom Breaker,"Action, Fantasy, Time Travel",6,on_hold
1133,Dorohedoro,"Action, Comedy, Fantasy, Gore, Horror, Seinen",10,completed
156024,"Doumo, Yuusha no Chichi desu. Kono Tabi wa Gusoku ga Gomeiwaku wo Kakete, Moushiwake Arimasen.","Action, Adventure, Comedy, Fantasy",3,completed
40345,Dr. Frost,"Drama, Medical, Psychological",4,dropped
103897,Dr. Stone,"Adventure, Award Winning, Sci-Fi, Shounen, Survival, Suspense",0,plan_to_read
146618,Drawing: Saikyou Mangaka wa Oekaki Skill de Isekai Musou suru!,"Adventure, Fantasy, Isekai, Reincarnation",2,dropped
85781,Dungeon Meshi,"Award Winning, Comedy, Fantasy, Gourmet, Seinen",0,plan_to_read
152405,Dungeon Odyssey,"Action, Fantasy",4,dropped
147438,Dungeon Reset,"Action, Adventure, Fantasy",5,dropped
147171,Eleceed,"Action, Super Power",7,reading
10970,Emerging,"Drama, Gore, Horror, Medical, Psychological, Seinen",4,completed
150204,Ending Maker,"Action, Fantasy, Isekai, Romance",6,on_hold
43,Eyeshield 21,"Shounen, Sports, Team Sports",0,plan_to_read
43913,Feng Shen Ji,"Action, Fantasy, Historical, Martial Arts, Supernatural",8,completed
147463,FFF-Class Trashero,"Action, Adventure, Fantasy, Isekai, Time Travel",3,dropped
118805,Fight Class 3,"Action, Martial Arts, School",5,dropped
98270,Fire Punch,"Action, Gore, Mystery, Shounen, Supernatural",4,dropped
150088,Fist Demon of Mount Hua,"Action, Adventure, Fantasy, Martial Arts",4,dropped
25,Fullmetal Alchemist,"Action, Adventure, Award Winning, Drama, Fantasy, Military, Shounen",0,plan_to_read
102343,Fumetsu no Anata e,"Adventure, Award Winning, Drama, Shounen, Supernatural",8,on_hold
112694,Fushigi Neko no Kyuu-chan,"Comedy, Pets, Slice of Life",6,completed
103694,Gal Gohan,"Comedy, Gourmet, Love Status Quo, Romance, School, Seinen",3,dropped
24903,Gangsta.,"Action, Adult Cast, Drama, Organized Crime, Seinen",0,plan_to_read
564,Gantz,"Action, Drama, Gore, Horror, Psychological, Sci-Fi, Seinen, Supernatural, Survival",4,dropped
15010,Gekiryuuchi,"Action, Drama, Martial Arts, Psychological, School, Seinen",5,completed
146875,Get Schooled,"Drama, School",6,on_hold
110727,Gigant,"Drama, Romance, Sci-Fi, Seinen",2,completed
124145,Gilgamesh,"Action, Adventure, Fantasy",7,completed
25096,Gin no Saji,"Award Winning, Comedy, Drama, School, Shounen",5,dropped
44,Gintama,"Action, Comedy, Gag Humor, Historical, Parody, Samurai, Sci-Fi, Shounen",0,plan_to_read
98720,Goblin Slayer,"Action, Fantasy, Seinen",5,dropped
106247,Goblin wa Mou Juubun ni Tsuyoi,"Comedy, Fantasy, Shounen",4,completed
147532,God of Blackfield,"Action, Reincarnation, School",6,on_hold
1092,Gokusen,"Action, Comedy, Delinquents, Josei, Organized Crime, Romance, School, Slice of Life, Workplace",3,dropped
112922,Gokushufudou,"Adult Cast, Comedy, Organized Crime",7,reading
85968,Golden Kamuy,"Action, Adventure, Award Winning, Historical, Seinen",6,dropped
1470,Gon,"Action, Adventure, Award Winning, Drama, Seinen",7,completed
147530,Gosu,"Action, Adventure, Historical, Martial Arts",7,completed
70345,Grand Blue,"Comedy, Seinen",4,plan_to_read
11425,Grappler Baki,"Action, Gore, Martial Arts, Shounen",7,reading
107909,Grashros,"Action, Seinen",4,completed
36099,Green Blood,"Action, Historical, Psychological, Seinen, Suspense",0,plan_to_read
336,GTO,"Action, Award Winning, Comedy, Delinquents, Drama, Ecchi, School, Shounen, Workplace",3,dropped
128783,Gyakusatsu Happy End,"Horror, Mystery, Psychological, Supernatural, Suspense",0,plan_to_read
87637,Hai to Gensou no Grimgar,"Action, Adventure, Drama, Fantasy, Isekai, Shounen",5,completed
35243,Haikyuu!!,"Award Winning, School, Shounen, Sports, Team Sports",7,completed
7,Hajime no Ippo,"Award Winning, Combat Sports, Shounen, Sports",0,plan_to_read
146944,Hardcore Leveling Warrior,"Action, Adventure, Fantasy, Video Game",0,plan_to_read
147572,Heavenly Demon Reborn!,"Action, Fantasy, Martial Arts, Reincarnation",6,completed
162325,Heavenly Grand Archive's Young Master,"Action, Fantasy, Martial Arts",5,on_hold
151667,Hectopascal,Action,4,dropped
77637,Helck,"Action, Fantasy",8,completed
61583,Hellper,"Action, Fantasy, Supernatural",8,completed
267,Hellsing,"Action, Adult Cast, Gore, Historical, Horror, Seinen, Supernatural, Vampire",0,plan_to_read
151242,Helmut,"Action, Fantasy",3,dropped
176511,"Henkyou Mob Kizoku no Uchi ni Totsuidekita Akuyaku Reijou ga, Mechakucha Dekiru Ii Yome Nanda ga?","Fantasy, Isekai, Reincarnation, Romance",4,dropped
147290,Hero Killer,"Action, Super Power",6,dropped
1325,Hi no Tori (1967),"Drama, Fantasy, Historical, Psychological, Romance, Sci-Fi, Shounen, Space, Supernatural",7,completed
35719,Hibi Chouchou,"Romance, School, Shoujo",4,dropped
116766,Hige wo Soru. Soshite Joshikousei wo Hirou.,"Drama, Romance, Shounen",2,dropped
12200,High School Musical,"Comedy, Romance, School, Shoujo",3,completed
36413,Hinamatsuri,"Childcare, Comedy, Organized Crime, Seinen, Supernatural",9,completed
137303,Hirayasumi,"Seinen, Slice of Life",8,reading
143305,Hiroware Koneko to Moto Yakuza,"Comedy, Pets",5,completed
148050,His Majesty's Secret Heroine,"Action, Adventure, Crossdressing, Fantasy, Romance",4,completed
2924,Historie,"Action, Adventure, Award Winning, Historical, Seinen",0,plan_to_read
147643,Hoarding in Hell,"Action, Fantasy, Isekai",5,dropped
1149,Hokuto no Ken,"Action, Drama, Martial Arts, Sci-Fi, Shounen",0,plan_to_read
3285,Holyland,"Action, Delinquents, Martial Arts, Psychological, Seinen",7,reading
936,Homunculus,"Drama, Horror, Mystery, Psychological, Seinen, Supernatural",7,completed
42451,Horimiya,"Romance, School, Shounen",5,completed
21467,Hoshi Mamoru Inu,"Pets, Seinen, Slice of Life",0,plan_to_read
366,Hoshi no Koe,"Drama, Mecha, Romance, Sci-Fi, Seinen",5,completed
44489,Houseki no Kuni,"Action, Anthropomorphic, Drama, Fantasy, Seinen",0,plan_to_read
151440,How to Live as a Villain,"Action, Fantasy, Isekai, Psychological, Survival",3,dropped
147318,How to Use a Returner,"Action, Adventure, Fantasy, Isekai",3,dropped
26,Hunter x Hunter,"Action, Adventure, Fantasy, Shounen",8,reading
14440,I Am a Hero,"Award Winning, Drama, Gore, Horror, Psychological, Seinen",0,plan_to_read
153199,I Only Want to Beat You,"Comedy, Love Status Quo, Romance, School",6,completed
147822,I Stan the Prince,"Comedy, Fantasy, Romance",4,dropped
147392,I'm the Max-Level Newbie,"Action, Fantasy",4,dropped
33031,Imawa no Kuni no Alice,"Action, Gore, High Stakes Game, Horror, Psychological, Shounen, Supernatural, Survival",0,plan_to_read
171441,"Immortal, Invincible","Action, Fantasy, Martial Arts, Reincarnation",4,dropped
114824,In the Room,"Drama, Horror, Seinen, Supernatural",4,completed
58563,Innocent,"Drama, Historical, Seinen",0,plan_to_read
93699,Innocent Rouge,"Award Winning, Drama, Historical, Seinen",0,plan_to_read
64465,Inuyashiki,"Drama, Gore, Sci-Fi, Seinen",7,completed
90190,"Isekai Izakaya ""Nobu""","Adult Cast, Fantasy, Gourmet, Isekai, Iyashikei, Seinen, Workplace",6,on_hold
110621,Isekai Omotenashi Gohan,"Fantasy, Gourmet, Isekai, Slice of Life",4,completed
102671,Isekai Shokudou,"Comedy, Fantasy, Gourmet, Iyashikei, Mystery, Seinen, Workplace",6,completed
44743,Itou Junji Kyoufu Manga Collection: Nikuiro no Kai,"Drama, Horror, Psychological, Seinen, Supernatural, Suspense",6,completed
104314,Jagaaaaaan,"Drama, Gore, Horror, Mystery, Seinen, Supernatural",5,dropped
21665,Jigoku no Alice,"Action, Sci-Fi, Seinen",0,plan_to_read
112318,Jigokuraku,"Action, Fantasy, Historical, Shounen",5,dropped
106025,Jinmen,"Gore, Horror",0,plan_to_read
131703,Jinrui wo Metsubou sasete wa Ikemasen,"Childcare, Sci-Fi, Seinen, Slice of Life",6,completed
3006,JoJo no Kimyou na Bouken Part 4: Diamond wa Kudakenai,"Action, Shounen, Supernatural",0,plan_to_read
3008,JoJo no Kimyou na Bouken Part 5: Ougon no Kaze,"Action, Adventure, Organized Crime, Shounen",0,plan_to_read
1706,JoJo no Kimyou na Bouken Part 7: Steel Ball Run,"Action, Adventure, Historical, Mystery, Seinen, Shounen, Supernatural",9,completed
25515,JoJo no Kimyou na Bouken Part 8: JoJolion,"Action, Adventure, Award Winning, Mystery, Seinen, Supernatural",8,completed
139629,JoJo no Kimyou na Bouken Part 9: The JoJoLands,"Action, Adventure, Seinen, Supernatural",0,plan_to_read
149983,Judge and Executioner,"Action, Drama, Psychological",6,completed
113138,Jujutsu Kaisen,"Action, School, Shounen, Supernatural",7,on_hold
100448,"Jumyou wo Kaitotte Moratta. Ichinen ni Tsuki, Ichimanen de.","Drama, Shounen",6,completed
147053,Jungle Juice,"Action, Fantasy",5,dropped
125076,Juujika no Rokunin,"Gore, Mystery, Psychological, Shounen, Suspense",1,on_hold
171811,Juvenile Detention Center,"Action, Drama",5,reading
122353,Kaette Kudasai! Akutsu-san,"Comedy, Love Status Quo, Romance",5,on_hold
119022,Kage no Jitsuryokusha ni Naritakute!,"Action, Comedy, Fantasy, Isekai, Reincarnation",4,dropped
90125,Kaguya-sama wa Kokurasetai: Tensai-tachi no Renai Zunousen,"Award Winning, Comedy, Romance, School, Seinen",7,completed
127907,Kaijuu 8-gou,"Action, Adult Cast, Fantasy, Sci-Fi, Shounen, Urban Fantasy",6,dropped
108948,Kaitai Zanuff,"Horror, Psychological, Seinen",4,completed
128784,Kami ni Aisareta Ko,"Fantasy, Slice of Life",2,dropped
24808,Kami no Kodomo,"Horror, Psychological",3,completed
111228,Kami-tachi ni Hirowareta Otoko,"Adventure, Fantasy, Isekai, Iyashikei, Reincarnation",0,plan_to_read
50217,Kamisama ga Uso wo Tsuku.,"Drama, Romance, School, Seinen",7,completed
90800,Kanojo wa Rokurokubi,"Comedy, School, Shounen, Supernatural",5,completed
144267,Kaoru Hana wa Rin to Saku,"Drama, Romance, School",8,reading
55377,Kasane,"Drama, Performing Arts, Psychological, Seinen, Supernatural",0,plan_to_read
119687,Katabami to Ougon,"Drama, Historical, Seinen",0,plan_to_read
18161,Katanagatari,"Action, Adventure, Comedy, Romance, Samurai",0,plan_to_read
47,Katekyou Hitman Reborn!,"Action, Comedy, Organized Crime, School, Shounen, Super Power",0,plan_to_read
118196,Kawaii dake ja Nai Shikimori-san,"Comedy, Romance",3,dropped
651,Kaze no Tani no Nausicaä,"Action, Adventure, Award Winning, Fantasy",0,plan_to_read
72025,Kengan Ashura,"Action, Martial Arts",6,completed
146979,Kill the Hero,"Action, Adventure, Fantasy, Time Travel",1,dropped
96792,Kimetsu no Yaiba,"Action, Fantasy, Historical, Shounen",6,completed
99314,Kimi no Na wa.,"Drama, Seinen",6,completed
104538,Kimi no Suizou wo Tabetai,"Drama, Romance",8,completed
121213,Kimi wa Houkago Insomnia,"Romance, School, Seinen",8,completed
16765,Kingdom,"Action, Award Winning, Historical, Military, Seinen",9,reading
131342,Kizoku Tensei: Megumareta Umare kara Saikyou no Chikara wo Eru,"Action, Adventure, Fantasy, Reincarnation",3,dropped
80119,Kobayashi-san Chi no Maid Dragon,"Fantasy, Slice of Life",1,dropped
56805,Koe no Katachi,"Award Winning, Drama, Shounen",8,completed
7375,Kokou no Hito,"Award Winning, Drama, Psychological, Seinen, Sports",10,completed
99007,"Komi-san wa, Comyushou desu.","Award Winning, Comedy, School, Shounen",4,dropped
116772,Kono Yuusha ga Ore Tueee Kuse ni Shinchou sugiru,"Action, Adventure, Comedy, Fantasy, Isekai, Shounen",4,dropped
153492,Koroshiya no Oshi,"Action, Comedy, Seinen",5,dropped
138703,Kotoshi no Mitsuishi-san wa Dokoka Okashii,"Comedy, Romance, School",3,dropped
42579,Kubera,"Action, Adventure, Comedy, Fantasy, Romance",3,dropped
128093,Kuchi ga Saketemo Kimi ni wa,"Fantasy, Romance, Shounen",5,completed
144453,Kuchibeta Shokudou,"Comedy, Slice of Life",5,on_hold
121615,Kumichou Musume to Sewagakari,"Childcare, Organized Crime, Slice of Life",5,reading
95012,"Kumo desu ga, Nani ka?","Action, Adventure, Comedy, Fantasy, Isekai, Reincarnation",6,completed
136979,Kuroiwa Medaka ni Watashi no Kawaii ga Tsuujinai,"Comedy, Love Status Quo, Romance, School, Shounen",3,dropped
3866,Kuroshitsuji,"Action, Fantasy, Historical, Mystery, Mythology, Shounen, Supernatural",0,plan_to_read
96050,"Kuzumi-kun, Kuuki Yometemasu ka?","Comedy, Romance, School, Shounen",4,completed
117549,Kyuujitsu no Warumono-san,"Fantasy, Iyashikei, Slice of Life, Urban Fantasy",5,on_hold
156825,Last on Earth,"Action, Adventure, Fantasy",3,dropped
146982,Latna Saga: Survival of a Sword King,"Action, Adventure, Fantasy, Isekai",7,on_hold
150784,Legend of an Asura: The Poison Dragon,"Action, Fantasy, Martial Arts",6,on_hold
171243,Level 0 no Munou Tansakusha to Sagesumaretemo Jitsu wa Sekai Saikyou desu: Tansaku Ranking 1-i wa Nazo no Hito,"Action, Adventure, Fantasy, Harem",2,dropped
148009,Level Up with the Gods,"Action, Adventure, Fantasy, Time Travel",5,dropped
147460,Leveling Beyond the Max,"Action, Fantasy, Isekai, Martial Arts",3,dropped
148137,Leviathan,"Action, Fantasy, Survival",6,dropped
147981,Little Rabbit and the Big Bad Leopard,"Anthropomorphic, Fantasy, Romance",5,completed
147389,Log-in Murim,"Action, Adventure, Fantasy, Martial Arts",0,plan_to_read
138673,Look Back,"Drama, Shounen",0,plan_to_read
111202,Lookism,"Action, Comedy, Drama, School, Supernatural",7,reading
132500,"Loop 7-kaime no Akuyaku Reijou wa, Moto Tekikoku de Jiyuu Kimama na Hanayome Seikatsu wo Mankitsu suru","Fantasy, Romance, Time Travel",6,dropped
147317,Lout of Count's Family,"Fantasy, Isekai, Reincarnation",4,dropped
119152,Lv2 kara Cheat datta Motoyuusha Kouho no Mattari Isekai Life,"Adventure, Fantasy, Isekai, Romance",5,dropped
91941,Made in Abyss,"Adventure, Drama, Fantasy, Sci-Fi",0,plan_to_read
14790,Magi,"Adventure, Award Winning, Fantasy, Shounen",0,plan_to_read
61189,Mahoutsukai no Yome,"Drama, Fantasy, Mythology, Romance, Shounen, Urban Fantasy",7,on_hold
160056,Mahoutsukai to Aka no Pilgrim,"Adventure, Fantasy",7,completed
104241,Mairimashita! Iruma-kun,"Comedy, Fantasy, Shounen",4,dropped
1415,Manhole,"Detective, Horror, Mystery, Seinen",0,plan_to_read
13387,March Story,"Action, Drama, Fantasy, Horror, Seinen, Supernatural",0,plan_to_read
124085,Mashle,"Action, Comedy, Fantasy, Gag Humor, Parody, School, Shounen",6,completed
3579,Mashounen B.T.,"Action, Comedy, Fantasy, Mystery, Psychological, Shounen, Supernatural",4,completed
848,Master Keaton,"Adult Cast, Adventure, Drama, Historical, Military, Mystery, Seinen, Slice of Life",0,plan_to_read
147820,Master Villainess the Invincible!,"Action, Fantasy, Isekai, Martial Arts, Villainess",5,dropped
147455,Masters of Lightning Knives,"Action, Martial Arts",5,on_hold
110160,"Mata, Onaji Yume wo Miteita",Drama,6,completed
147712,Maybe Meant to Be,"Adult Cast, Comedy, Romance",6,reading
5711,Megumi no Daigo,"Action, Award Winning, Drama, Shounen",0,plan_to_read
105877,Mobuko no Koi,"Adult Cast, Drama, Romance, Seinen",6,reading
104440,Monkey Peak,"Horror, Seinen",0,plan_to_read
1,Monster,"Adult Cast, Award Winning, Drama, Mystery, Psychological, Seinen",8,completed
129808,Mookhyang: Dark Lady,"Action, Adventure, Fantasy, Magical Sex Shift",7,reading
149141,Mookhyang: The Origin,"Action, Adventure, Fantasy",6,completed
124471,Moon You,"Comedy, Drama, Sci-Fi, Space",6,completed
147941,Mori-chan Ken-chan,"Drama, Memoir, Seinen",8,completed
658,Mugen no Juunin,"Action, Adventure, Drama, Historical, Martial Arts, Samurai, Seinen, Supernatural",5,plan_to_read
147642,Murim RPG Simulation,"Action, Adventure, Fantasy, Martial Arts, Time Travel, Video Game",5,dropped
418,Mushishi,"Adult Cast, Award Winning, Fantasy, Historical, Iyashikei, Mystery, Seinen, Supernatural",0,plan_to_read
70259,Mushoku Tensei: Isekai Ittara Honki Dasu,"Fantasy, Isekai, Reincarnation, Seinen",2,dropped
149438,My Blasted Reincarnated Life,"Action, Fantasy, Reincarnation",4,dropped
148733,My Boss's Special Request,"Adult Cast, Romance, Workplace",5,on_hold
148620,My Dad Is Too Strong,"Action, Comedy, Fantasy",3,dropped
150203,My Daughter Is the Final Boss,"Action, Childcare, Fantasy, Time Travel",3,dropped
151111,My F-Rank High School Life,"Action, School, Super Power",2,dropped
143627,My Gently Raised Beast,"Fantasy, Romance",6,completed
108032,My Home Hero,"Drama, Seinen, Suspense",0,plan_to_read
147073,My Life as a Loser,"Action, Drama, School, Time Travel",4,dropped
148958,My Master Is a Backseat Gamer,"Action, Fantasy",2,dropped
151757,My Royal Awakening,"Drama, Historical, Reincarnation, Time Travel",6,completed
147202,My S-Class Hunters,"Action, Adventure, Fantasy, Time Travel",3,dropped
150561,Mythic Item Obtained,"Action, Fantasy",6,on_hold
138533,Nan Hao Shang Feng,"Comedy, School",7,reading
28,Nana,"Adult Cast, Award Winning, Drama, Love Polygon, Music, Romance, Shoujo",0,plan_to_read
44485,Nanatsu no Taizai,"Action, Adventure, Award Winning, Fantasy, Shounen",1,dropped
147863,Nano Machine,"Action, Adventure, Fantasy, Martial Arts, Sci-Fi",5,dropped
112245,Navillera: Like a Butterfly,"Drama, Performing Arts",0,plan_to_read
102458,Neko no Otera no Chion-san,"Seinen, Slice of Life",0,plan_to_read
141226,Neko no Te datte Yaku ni Tatsu,"Comedy, Romance, Supernatural",3,dropped
18753,Nekojiru Udon,"Anthropomorphic, Comedy, Seinen",4,completed
159130,Nick to Lever,"Comedy, Gag Humor, Seinen",6,completed
119084,Nihon e Youkoso Elf-san.,"Comedy, Fantasy, Isekai",5,dropped
39291,Nijiiro Days,"Comedy, Romance, School, Shoujo",0,plan_to_read
13290,Ningen Shikkaku,"Drama, Historical, Psychological, Seinen",0,plan_to_read
123065,Ninkyou Tensei: Isekai no Yakuza Hime,"Action, Adventure, Fantasy, Isekai, Reincarnation, Seinen",7,reading
122775,"Nito no Taida na Isekai Shoukougun: Saijakushoku ""Healer"" nanoni Saikyou wa Cheat desu ka?","Action, Adventure, Fantasy, Isekai, Reincarnation",4,dropped
90423,No Guns Life,"Action, Sci-Fi, Seinen",0,plan_to_read
147769,No Home,"School, Slice of Life",5,completed
29983,Noblesse,"Action, Adventure, Comedy, School, Supernatural",6,completed
12569,Not Simple,"Drama, Seinen, Slice of Life",0,plan_to_read
163356,Ogami Tsumiki to Ki Nichijou.,"Anthropomorphic, Fantasy, Love Status Quo, Romance, School, Shounen, Urban Fantasy",4,dropped
112774,Ojisama to Neko,"Pets, Slice of Life",5,dropped
114121,Ojisan wa Kawaii Mono ga Osuki.,Comedy,5,on_hold
140520,Okiraku Ryoushu no Tanoshii Ryouchi Bouei,Fantasy,3,dropped
132214,Omniscient Reader's Viewpoint,"Action, Adventure, Fantasy, Urban Fantasy",6,on_hold
143441,Omniscient Reader's Viewpoint,"Action, Adventure, Fantasy, Urban Fantasy",7,completed
17465,Omoide Emanon,"Drama, Seinen",8,completed
164732,Omori,"Horror, Psychological, Seinen",3,dropped
8967,Onanie Master Kurosawa,"Drama, Psychological, School",4,completed
156716,"One Day, Suddenly, Seoul Is","Survival, Suspense",7,on_hold
13,One Piece,"Action, Adventure, Fantasy, Shounen",7,reading
145980,One Piece: Nami vs. Kalifa,"Action, Adventure, Fantasy",2,completed
44347,One Punch-Man,"Action, Comedy, Parody, Seinen, Super Power",8,reading
112592,Oniichan wa Oshimai!,"CGDCT, Comedy, Magical Sex Shift",2,dropped
3299,Ookami to Koushinryou,"Adult Cast, Adventure, Drama, Fantasy, Historical, Romance, Seinen, Supernatural",7,completed
121083,Ookami wa Nemuranai,"Action, Adventure, Fantasy, Isekai",0,plan_to_read
35573,Orange,"Drama, Love Polygon, Romance, School, Sci-Fi, Shoujo, Time Travel",0,plan_to_read
1211,Ore to Akuma no Blues,"Drama, Historical, Horror, Psychological, Seinen",8,on_hold
11514,Otoyomegatari,"Award Winning, Historical, Romance, Seinen",0,plan_to_read
123397,Ou no Kemono: Enpei no Arcana,"Crossdressing, Drama, Fantasy, Romance, Shoujo",0,plan_to_read
147727,Overgeared,"Action, Fantasy, Video Game",4,dropped
81667,Overlord,"Action, Fantasy, Isekai",0,plan_to_read
4632,Oyasumi Punpun,"Drama, Psychological, Seinen, Slice of Life",9,completed
3031,Pandora Hearts,"Adventure, Fantasy, Mystery, Shounen",0,plan_to_read
154587,Pick Me Up,"Action, Fantasy, Isekai, Video Game",0,plan_to_read
146750,Pigpen,"Horror, Psychological, Survival, Suspense",7,completed
5744,Ping Pong,"Drama, Seinen, Sports",0,plan_to_read
481,Planetes,"Adult Cast, Award Winning, Drama, Psychological, Sci-Fi, Seinen, Slice of Life, Space, Workplace",0,plan_to_read
149871,Player,"Action, Adventure, Fantasy, Isekai",6,on_hold
745,Pluto,"Action, Award Winning, Detective, Mystery, Psychological, Sci-Fi, Seinen, Suspense",0,plan_to_read
119260,Ponkotsu Fuuki Iin to Skirt-take ga Futekisetsu na JK no Hanashi,"Comedy, Romance, School, Shounen",4,dropped
3438,Psyren,"Action, Adventure, High Stakes Game, Psychological, Romance, Sci-Fi, Shounen, Strategy Game, Super Power, Supernatural",0,plan_to_read
106733,Ragna Crimson,"Action, Fantasy, Shounen",0,plan_to_read
7482,Rainbow: Nisha Rokubou no Shichinin,"Award Winning, Delinquents, Drama, Historical, Psychological, Seinen",0,plan_to_read
109229,Raise wa Tanin ga Ii,"Organized Crime, Romance, Seinen",8,reading
22986,Ran to Haiiro no Sekai,"Drama, Fantasy, Romance, Seinen, Supernatural",0,plan_to_read
146774,Random Chat,"Action, Drama, School",3,completed
73271,Re:Monster,"Action, Adventure, Fantasy, Isekai, Reincarnation",3,dropped
657,Real,"Award Winning, Drama, Psychological, Seinen, Sports, Team Sports",0,plan_to_read
151157,Reality Quest,"Action, School, Supernatural",5,dropped
147924,Reborn as a Scholar,"Action, Martial Arts, Reincarnation",6,completed
181605,Red Shirt,"Action, Drama",2,dropped
148512,Reincarnated as an Unruly Heir,"Action, Martial Arts, Reincarnation",5,dropped
168981,Reincarnated Murim Lord,"Action, Fantasy, Martial Arts, Reincarnation",6,reading
161442,Reincarnation of the Veteran Soldier,"Action, Adult Cast, Fantasy, Isekai",6,on_hold
78523,ReLIFE,"Comedy, Drama, Romance, School, Slice of Life",4,dropped
158010,Return of the Bloodthirsty Police,"Action, Organized Crime, Reincarnation",5,dropped
146878,Return of the Blossoming Blade,"Action, Adventure, Fantasy, Martial Arts, Reincarnation",7,reading
147577,Return of the Mad Demon,"Action, Martial Arts, Time Travel",6,reading
149349,Return of the Scholar,"Action, Fantasy, Martial Arts",3,dropped
153399,Return of the War God,"Action, Fantasy, Martial Arts",6,reading
152612,Returning With Absolutely Nothing,"Action, Fantasy, Isekai, Time Travel",6,on_hold
157888,Revenge of the Baskerville Bloodhound,"Action, Fantasy, Time Travel",2,dropped
148002,Reverse Villain,"Action, Reincarnation, Supernatural",2,completed
78477,Rikudou,"Combat Sports, Drama, Seinen, Sports",0,plan_to_read
148729,Rooftop Swordmaster,"Action, Supernatural",2,dropped
148511,Rookie Chef with the Magic Touch,"Drama, Gourmet",3,dropped
915,Rookies,"Comedy, Delinquents, Drama, School, Shounen, Slice of Life, Sports, Team Sports",0,plan_to_read
104298,Route End,"Detective, Mystery, Shounen, Suspense",0,plan_to_read
148054,Ruri Dragon,"School, Shounen, Slice of Life, Supernatural",5,completed
109339,Saihate no Paladin,"Action, Adventure, Fantasy, Isekai, Reincarnation",0,plan_to_read
37755,Saiki Kusuo no Ψ-nan,"Comedy, Gag Humor, School, Shounen, Super Power, Supernatural",4,dropped
3575,Saikyou Densetsu Kurosawa,"Action, Comedy, Delinquents, Drama, Psychological, Seinen, Suspense",0,plan_to_read
116701,Saikyou Juzoku Tensei: Majutsu Otaku no Risoukyou,"Adventure, Fantasy, Isekai, Reincarnation",3,dropped
159741,Saitei Chara ni Tensei shita Ore wa Ikinokoritai,"Adventure, Fantasy, Isekai, Reincarnation, Video Game",3,dropped
131334,Sakamoto Days,"Action, Comedy, Shounen",7,on_hold
48649,Sakamoto desu ga?,"Comedy, Gag Humor, School, Seinen",6,completed
145863,Sayonara Eri,"Drama, Shounen",8,completed
661,Sayonara Zetsubou Sensei,"Award Winning, Comedy, Gag Humor, Parody, School, Shounen",4,completed
145539,Seasons of Blossom,"Love Polygon, Romance",8,completed
147091,Seihantai na Kimi to Boku,"Comedy, Romance, School, Shounen",7,reading
1827,Shaman Warrior,"Action, Adventure, Drama, Fantasy, Martial Arts",0,plan_to_read
148655,Shark,"Action, Drama",6,reading
157543,Shibatarian,"Psychological, Shounen, Suspense",3,completed
37707,Shigatsu wa Kimi no Uso,"Award Winning, Drama, Music, Romance, School, Shounen",9,completed
3868,Shigurui,"Action, Drama, Gore, Historical, Martial Arts, Samurai, Seinen",0,plan_to_read
117851,Shimeji Simulation,"School, Slice of Life",7,completed
23390,Shingeki no Kyojin,"Action, Award Winning, Drama, Gore, Military, Shounen, Survival, Suspense",7,completed
57795,Shingeki no Kyojin: Before the Fall,"Action, Drama, Fantasy, Shounen, Supernatural",0,plan_to_read
58007,Shingeki no Kyojin: Kuinaki Sentaku,"Action, Shoujo",6,completed
146751,Shotgun Boy,"Action, Horror, Psychological, Survival, Suspense",6,completed
72467,Shoujo Shuumatsu Ryokou,"Adventure, Award Winning, Iyashikei, Slice of Life",9,completed
126699,Shounen no Abyss,"Drama, Psychological, Seinen",0,plan_to_read
110485,Shuumatsu no Walküre,"Action, Fantasy, Mythology, Seinen",7,on_hold
118289,Skip to Loafer,"Award Winning, Drama, School, Seinen",7,dropped
51,Slam Dunk,"Award Winning, School, Shounen, Sports, Team Sports",8,completed
154009,Slave B,"Action, Adventure, Drama, Fantasy",3,dropped
110288,"Slime Taoshite 300-nen, Shiranai Uchi ni Level Max ni Nattemashita","Comedy, Fantasy, Isekai, Reincarnation",3,dropped
3731,Solanin,"Drama, Seinen, Slice of Life",0,plan_to_read
119184,Solo Leveling,"Action, Adult Cast, Adventure, Fantasy, Urban Fantasy",6,completed
121496,Solo Leveling,"Action, Adult Cast, Adventure, Fantasy, Urban Fantasy",6,completed
172429,Solo Leveling: Ragnarok,"Action, Adult Cast, Adventure, Fantasy, Urban Fantasy",7,reading
96573,Something About Us,"Romance, School",7,completed
112268,Sono Bisque Doll wa Koi wo Suru,"Otaku Culture, Romance, School, Seinen",6,on_hold
126287,Sousou no Frieren,"Adventure, Award Winning, Drama, Fantasy, Shounen",8,on_hold
119161,Spy x Family,"Action, Childcare, Comedy, Shounen",7,reading
93516,SQ: Begin W/Your Name!,"Comedy, Girls Love, School, Slice of Life",7,completed
146909,SSS-Class Revival Hunter,"Action, Adventure, Fantasy, Time Travel",6,on_hold
146752,Study Group,"Action, Delinquents, School",6,reading
116539,Subete no Jinrui wo Hakai suru. Sorera wa Saisei Dekinai.,"School, Shounen, Strategy Game",0,plan_to_read
110031,Summertime Render,"Mystery, Shounen, Supernatural, Suspense, Time Travel",3,dropped
8848,Sun-Ken Rock,"Action, Comedy, Drama, Ecchi, Seinen",3,dropped
148467,Super no Ura de Yani Suu Futari,"Adult Cast, Love Status Quo, Romance",7,reading
8438,Super-Conductive Brains,"Avant Garde, Seinen",5,completed
1533,Superior,"Action, Adventure, Drama, Fantasy, Romance, Shounen",4,completed
147276,Surviving Romance,"Horror, School, Survival, Suspense",5,completed
124845,Sweet Home,"Action, Drama, Gore, Horror, Suspense",9,completed
142600,Takopii no Genzai,"Drama, Psychological, Sci-Fi, Shounen",7,completed
151012,Tale of a Scribe Who Retires to the Countryside,"Action, Adventure, Fantasy, Martial Arts",4,dropped
146966,Teenage Mercenary,"Action, School",6,reading
153158,Telework Yotabanashi,"Adult Cast, Romance, Seinen",5,completed
72451,Ten Prism,"Action, Adventure, Drama, Fantasy, Seinen",3,dropped
111745,Tengoku Daimakyou,"Adventure, Mystery, Sci-Fi, Seinen",5,dropped
168656,Tensei Akuma no Saikyou Yuusha Ikusei Keikaku,"Adventure, Childcare, Fantasy, Isekai",4,dropped
113178,Tensei shitara Dragon no Tamago datta: Ibara no Dragon Road,"Action, Adventure, Fantasy, Isekai, Reincarnation",4,dropped
87609,Tensei shitara Slime Datta Ken,"Award Winning, Fantasy, Isekai, Reincarnation, Shounen",3,dropped
11366,Teppuu,"Action, Combat Sports, Drama, Psychological, Seinen, Sports",7,completed
37563,Terra Formars,"Action, Gore, Horror, Sci-Fi, Seinen, Survival",0,plan_to_read
148850,Terror Man,"Action, Supernatural",6,completed
162700,The Academy's Genius Swordsman,"Action, Fantasy, Time Travel",3,dropped
165031,The Apothecary Prince,"Adventure, Fantasy, Isekai, Reincarnation",3,dropped
147693,The Archmage Returns After 4000 Years,"Action, Adventure, Fantasy, Reincarnation",5,dropped
155284,The Baengri Clan's Unwanted Granddaughter,"Fantasy, Time Travel, Villainess",6,reading
141120,The Boxer,"Combat Sports, Drama, Sports",9,completed
8586,The Breaker,"Action, Comedy, Drama, Martial Arts, School",7,completed
22651,The Breaker: New Waves,"Action, Comedy, Drama, Martial Arts, Romance, School",6,completed
147569,The Celestial Returned from Hell,"Action, Fantasy, Urban Fantasy",4,dropped
173090,The Dang Clan's Swordmaster Heir Just Wants a Normal Life,"Action, Fantasy, Martial Arts, Reincarnation",6,reading
157232,The Dark Mage's Return to Enlistment,"Action, Fantasy, Military",4,dropped
148421,The Divine Surgeon,"Drama, Historical, Medical, Reincarnation, Time Travel",0,plan_to_read
147489,The Druid of Seoul Station,"Action, Fantasy, Isekai",2,dropped
152195,The Dungeon Cleaning Life of a Once Genius Hunter,"Action, Fantasy, Time Travel",3,dropped
87844,The Fable,"Adult Cast, Award Winning, Comedy, Organized Crime, Seinen, Suspense",9,completed
146787,The Gamer,"Action, Fantasy, School",2,dropped
111996,The God of High School,"Action, Adventure, Fantasy, Martial Arts, Urban Fantasy",6,completed
148454,The Grand Mudang Saga,"Action, Fantasy, Martial Arts, Reincarnation",5,on_hold
147272,The Greatest Estate Developer,"Adventure, Comedy, Fantasy, Isekai, Reincarnation",6,dropped
150455,The Hero Returns,"Action, Fantasy, Reincarnation, Time Travel",3,dropped
125036,The Horizon,"Adventure, Drama, Psychological",9,completed
154692,The Infinite Mage,"Action, Adventure, Fantasy",6,reading
159140,The Knight King Who Returned with a God,"Action, Fantasy",5,dropped
170427,The Knight Only Lives Today,"Action, Fantasy, Time Travel",7,reading
146827,The Lazy Lord Masters the Sword,"Action, Fantasy",6,on_hold
134744,The Legend of the Northern Blade,"Action, Adventure, Fantasy, Martial Arts",8,completed
147536,The Legendary Moonlight Sculptor,"Action, Adventure, Fantasy, Video Game",3,dropped
148679,The Lord of Coins,"Action, Adventure, Fantasy, Time Travel",0,plan_to_read
147322,The Max Level Hero Strikes Back,"Action, Adventure, Fantasy",2,dropped
153509,The Nine Heavens Swordmaster,"Action, Fantasy, Martial Arts",4,reading
148985,The Novel's Extra,"Action, Fantasy, Isekai, Reincarnation, School",3,dropped
165038,The Outcast Is a Fighter,"Combat Sports, Reincarnation, Sports",3,dropped
1320,The Ravages of Time,"Action, Adventure, Historical, Military",0,plan_to_read
150422,The Reaper,"Action, Fantasy, Martial Arts",6,reading
149305,The Red Book,Horror,4,completed
174559,The Regressed Mercenary Has a Plan,"Action, Fantasy, Time Travel",4,dropped
149013,The Return of the Disaster-Class Hero,"Action, Fantasy",4,dropped
180758,The Returned C-Rank Tank Won't Die!,"Action, Fantasy, Urban Fantasy",2,dropped
146761,The Skeleton Soldier Failed to Defend the Dungeon,"Action, Adventure, Fantasy, Time Travel",4,dropped
150546,The Slumbering Ranker,"Action, Fantasy, Video Game",2,dropped
149572,The Stormy Inn,"Action, Fantasy, Martial Arts",4,dropped
148961,The Superhuman Era,"Action, Super Power",8,reading
146949,The Swordmaster's Son,"Action, Adventure, Fantasy",3,dropped
162696,The Terminally Ill Young Master of the Baek Clan,"Action, Fantasy, Martial Arts",3,dropped
146856,The Tutorial Is Too Tough!,"Action, Fantasy, Isekai, Survival",4,dropped
147217,The World After the Fall,"Action, Fantasy",6,on_hold
1408,The World Is Mine,"Psychological, Seinen",0,plan_to_read
20647,Thermae Romae,"Award Winning, Comedy, Historical, Seinen, Time Travel",6,completed
109773,Theseus no Fune,"Drama, Mystery, Seinen",0,plan_to_read
155755,This Is the Law,"Drama, Supernatural, Time Travel",5,dropped
3159,Tista,"Action, Drama, Shounen",4,completed
148139,To Not Die,"Action, Drama",6,on_hold
3572,Tobaku Mokushiroku Kaiji,"Adult Cast, Award Winning, Drama, High Stakes Game, Seinen, Strategy Game",0,plan_to_read
102165,Tokidoki,"Drama, Romance, School, Shounen",7,completed
149334,Tokidoki Bosotto Russia-go de Dereru Tonari no Alya-san,"Comedy, Romance, School",5,on_hold
33327,Tokyo Ghoul,"Action, Fantasy, Gore, Horror, Psychological, Seinen, Urban Fantasy",8,completed
69879,Tokyo-hatsu Isekai-yuki,"Comedy, Fantasy, Mystery, Seinen, Supernatural",6,completed
130216,Tomb Raider King,"Action, Adventure, Fantasy, Time Travel",3,completed
912,Tomie,"Drama, Gore, Horror, Shoujo, Supernatural",2,completed
92149,Tomo-chan wa Onnanoko!,"Comedy, Romance, School",5,completed
105747,Tondemo Skill de Isekai Hourou Meshi,"Adventure, Comedy, Fantasy, Gourmet, Isekai",7,on_hold
100035,Tongari Boushi no Atelier,"Fantasy, Seinen",7,plan_to_read
124154,Toorigakari ni One Point Advice shiteiku Type no Yankee,Comedy,6,completed
110771,Toshokan no Daimajutsushi,"Fantasy, Seinen",0,plan_to_read
93972,Totsukuni no Shoujo,"Fantasy, Shounen",8,completed
122663,Tower of God,"Action, Adventure, Drama, Fantasy, Mystery",6,on_hold
703,Trigun,"Action, Adult Cast, Adventure, Comedy, Sci-Fi, Shounen",0,plan_to_read
704,Trigun Maximum,"Action, Adult Cast, Adventure, Award Winning, Comedy, Drama, Sci-Fi, Seinen",0,plan_to_read
131924,Tsue to Tsurugi no Wistoria,"Action, Fantasy, School, Shounen",4,dropped
181465,"Tsuihou sareta Kajishi wa Cheat Skill de Densetsu wo Tsukurimakuru: Konyakusha ni Mise wo Oidasareta kedo, Kimama ni Mono Tsukutteirareru Ima no Hou ga Shiawase desu","Action, Fantasy",2,dropped
90117,Tsuki ga Michibiku Isekai Douchuu,"Adventure, Fantasy, Isekai",3,dropped
116367,Tuixiu de Yongzhemen,"Action, Fantasy",5,completed
14483,Uchuu Kyoudai,"Adult Cast, Award Winning, Drama, Sci-Fi, Seinen, Space, Workplace",0,plan_to_read
18570,Ultra Heaven,"Avant Garde, Drama, Psychological, Sci-Fi, Seinen",0,plan_to_read
114043,"Umarekawattemo Mata, Watashi to Kekkon shitekuremasu ka",Romance,6,completed
142457,Umi ga Hashiru End Roll,"Shoujo, Slice of Life",0,plan_to_read
127127,Umibe no Q,"Drama, School, Sci-Fi, Seinen",0,plan_to_read
131843,Unholy Blood,"Action, Romance, Supernatural, Vampire",5,dropped
136975,Unmei no Hito ni Deau Hanashi,"Romance, Shoujo",0,plan_to_read
110766,Urasekai Picnic,"Action, Fantasy, Mystery, Shounen",0,plan_to_read
172843,"Urenokori no Dorei Elf wo Hirotta node, Musume ni Suru Koto ni Shita","Childcare, Fantasy, Seinen",5,on_hold
3468,Usagi Drop,"Childcare, Comedy, Drama, Josei, Slice of Life",2,completed
9982,Usogui,"Action, High Stakes Game, Psychological, Seinen, Strategy Game",0,plan_to_read
146207,Usuzumi no Hate,"Adventure, Sci-Fi, Seinen",7,reading
436,Uzumaki,"Drama, Horror, Seinen, Supernatural",4,completed
656,Vagabond,"Action, Adventure, Award Winning, Historical, Samurai, Seinen",10,completed
121151,Vampire Dormitory,"Crossdressing, Romance, Shoujo, Supernatural, Vampire",3,dropped
147191,Villain to Kill,"Action, Super Power",6,dropped
151550,Villain with a Crush,"Comedy, Romance, Super Power",5,dropped
642,Vinland Saga,"Action, Adventure, Award Winning, Drama, Historical, Seinen",9,reading
139164,Viral Hit,"Action, Martial Arts, School",6,completed
147724,Volcanic Age,"Action, Adventure, Fantasy, Martial Arts, Time Travel",5,dropped
15916,Waga Tousou,Historical,5,completed
19790,Wanitokagegisu,"Comedy, Seinen, Slice of Life",0,plan_to_read
131338,Whale Star: The Gyeongseong Mermaid,"Drama, Historical, Romance",0,plan_to_read
118575,Who Invited You?,"Comedy, Drama, Romance",0,plan_to_read
121269,Who Made Me a Princess,"Drama, Fantasy, Reincarnation",4,dropped
103237,Wind Breaker,"Action, Drama, Sports",6,dropped
48151,World Trigger,"Action, Sci-Fi, Shounen",0,plan_to_read
89087,Wotaku ni Koi wa Muzukashii,"Adult Cast, Comedy, Otaku Culture, Romance, Workplace",6,completed
130633,Yaiteru Futari,"Gourmet, Romance, Seinen, Slice of Life",5,on_hold
100128,Yakusoku no Neverland,"Award Winning, Mystery, Psychological, Shounen, Survival, Suspense",7,completed
125052,Yamada-kun to Lv999 no Koi wo Suru,"Romance, Video Game",0,plan_to_read
121480,Yofukashi no Uta,"Award Winning, Romance, Shounen, Supernatural, Vampire",5,completed
4,Yokohama Kaidashi Kikou,"Award Winning, Iyashikei, Sci-Fi, Seinen, Slice of Life",6,completed
17910,Yomawari Sensei,"Drama, Psychological, School, Seinen",0,plan_to_read
152825,Yongsa High: Dungeon Raiders,"Action, Fantasy, School",3,dropped
164902,Yoru no Manimani,Romance,5,completed
104,Yotsuba to!,"Award Winning, Childcare, Comedy, Iyashikei, Slice of Life",5,dropped
98436,Youjo Senki,"Action, Fantasy, Isekai, Military, Reincarnation",0,plan_to_read
93416,Youkai Gakkou no Sensei Hajimemashita!,"Comedy, Fantasy, Gag Humor, Mythology, School, Workplace",2,dropped
58245,Youkai Kyoushitsu,"Horror, Josei, Supernatural",4,completed
121426,Yozakura-san Chi no Daisakusen,"Action, Comedy, Shounen",5,dropped
62547,Yugami-kun ni wa Tomodachi ga Inai,"Comedy, School, Shounen, Slice of Life",7,completed
94376,Yuru Camp△,"CGDCT, Iyashikei, Slice of Life",4,dropped
107575,"Yuukyuu no Gusha Asley no, Kenja no Susume: to, Pochi no Daibouken",Fantasy,3,dropped
142818,Zeikin de Katta Hon,"Seinen, Slice of Life, Workplace",0,on_hold
122392,Zom 100: Zombie ni Naru made ni Shitai 100 no Koto,"Adult Cast, Comedy, Seinen, Survival, Suspense",5,dropped
